指标名称,价格:粳米:北京盛华宏林粮油批发市场有限公司,价格:粳米:天津韩家墅海吉星农产品物流有限公司,价格:粳米:山西省运城蔬菜果品批发市场,价格:粳米:西安粮油批发交易市场,价格:粳米:苏州市南环桥市场发展有限公司,价格:粳米:广州市白云区东旺批发市场经营管理有限公司,价格:粳米:金华市粮食批发交易市场,价格:粳米:余姚市农副产品批发市场,价格:粳米:青岛市粮油综合批发交易市场服务有限公司,价格:粳米:阜阳瑶海农产品市场开发有限公司
2022/4/1,4.96,4.8,4.62,5.94,4.1,5.39,4.6,6,5.42,3.7
2022/4/2,4.97,4.8,4.62,5.94,4.1,5.39,4.6,,5.42,3.8
2022/4/3,4.97,4.8,4.62,5.94,4.1,5.39,4.61,6,5.41,3.8
2022/4/4,4.96,4.8,4.62,5.94,4.1,5.39,4.61,6,5.41,3.7
2022/4/5,4.96,4.8,4.62,5.94,4.1,5.39,4.61,6,5.41,3.8
2022/4/6,4.96,4.8,4.62,5.94,4.1,5.39,4.6,6,5.41,3.8
2022/4/7,4.96,4.8,4.6,5.94,4.1,,4.6,6,5.41,3.8
2022/4/8,4.96,4.8,,5.94,4.1,5.33,4.6,,5.41,3.8
2022/4/9,4.96,4.8,4.61,5.94,4.1,5.33,4.6,6,5.4,3.8
2022/4/10,4.96,4.8,4.62,5.94,4.1,,,,5.4,3.7
2022/4/11,4.97,4.8,4.62,5.92,4.1,5.33,4.6,6,5.4,3.6
2022/4/12,4.95,4.72,4.62,5.92,4.1,5.33,4.61,6,5.4,3.6
2022/4/13,4.95,4.72,4.62,5.92,4.1,5.33,4.61,6,5.4,3.6
2022/4/14,4.95,4.72,4.62,5.92,4.1,5.33,4.61,,5.4,3.6
2022/4/15,4.95,4.72,4.62,5.92,4.1,5.33,4.61,6,5.4,3.7
2022/4/16,4.95,,4.62,5.94,4.1,5.33,4.61,6,5.4,3.8
2022/4/17,4.95,,4.62,5.94,4.1,,4.61,6,5.4,3.8
2022/4/18,4.95,4.72,4.62,5.94,4.1,5.33,4.61,6,5.4,3.7
2022/4/19,4.95,4.72,4.62,5.94,4.1,,4.6,6,5.4,3.6
2022/4/20,4.95,4.72,4.62,5.94,4.1,5.33,4.6,6,5.41,3.6
2022/4/21,4.95,4.72,4.6,5.94,4.1,5.33,4.6,6,5.4,3.6
2022/4/22,4.95,4.72,4.6,5.94,4.1,5.33,4.6,6.2,5.4,3.6
2022/4/23,4.94,4.72,4.6,5.94,4.1,,4.6,6.2,5.4,3.6
2022/4/24,4.94,4.72,4.6,5.94,4.1,5.33,4.6,6.2,5.4,3.6
2022/4/25,4.95,4.72,4.6,5.94,4.1,,4.6,6.1,5.4,3.6
2022/4/26,4.95,4.72,4.6,5.94,4.1,5.33,4.61,6,5.4,3.6
2022/4/27,4.96,4.72,4.6,5.95,4.1,5.33,4.62,6,5.4,3.6
2022/4/28,4.96,4.72,4.6,5.95,4.1,,4.62,6,5.4,3.6
2022/4/29,4.96,4.7,4.6,5.95,4.1,5.33,4.62,6,5.4,3.6
2022/4/30,4.96,4.7,4.6,5.95,4.1,5.33,4.62,6,5.4,3.61
2022/5/1,4.96,4.7,4.6,5.95,4.1,5.33,4.62,6,5.4,3.6
2022/5/2,4.96,4.7,4.62,5.95,4.1,5.33,4.62,6,5.38,3.6
2022/5/3,4.96,4.7,4.6,5.95,4.1,5.33,4.62,6,5.38,3.6
2022/5/4,4.96,4.7,4.6,5.94,4.1,5.33,4.62,6,5.38,3.6
2022/5/5,4.96,4.7,4.6,5.94,4.1,5.33,4.62,6,5.38,3.7
2022/5/6,4.96,4.7,4.6,5.94,4.1,5.33,4.62,6,5.38,3.7
2022/5/7,4.96,4.7,4.6,5.94,4.1,5.33,4.62,5.9,5.38,3.7
2022/5/8,4.95,4.7,4.6,5.94,4.1,,4.63,,5.38,
2022/5/9,4.95,4.7,4.6,5.94,4.1,5.33,4.62,6,5.38,3.7
2022/5/10,4.95,4.8,4.62,5.94,4.1,5.38,4.62,,5.38,3.8
2022/5/11,4.94,4.8,4.62,5.94,4.1,5.38,4.62,6,5.38,3.8
2022/5/12,4.94,4.8,4.62,5.94,4.1,5.38,4.62,,5.38,3.8
2022/5/13,4.95,4.8,4.62,5.94,4.1,5.38,4.62,6,5.4,3.8
2022/5/14,4.95,4.8,4.62,5.94,4.1,,4.62,6,5.4,
2022/5/15,4.95,4.8,4.62,5.95,4.1,,4.62,,5.4,
2022/5/16,4.95,4.8,4.62,5.95,4.1,5.38,4.62,6,5.4,3.8
2022/5/17,4.94,4.8,4.62,5.95,4.1,,4.62,6,5.4,3.7
2022/5/18,4.94,4.8,4.62,5.95,4.1,5.38,4.62,6,5.4,3.7
2022/5/19,4.94,4.8,4.62,5.95,4.1,5.38,4.62,6,5.4,3.7
2022/5/20,4.94,4.8,4.62,5.95,4.1,5.38,4.61,,5.4,3.6
2022/5/21,4.94,4.9,4.6,5.95,4.1,5.36,4.61,,5.4,
2022/5/22,4.94,4.9,4.6,5.95,4.1,5.36,4.62,,5.4,
2022/5/23,4.93,4.9,4.6,5.95,4.1,5.36,4.62,6,5.4,3.6
2022/5/24,4.93,4.9,4.6,5.95,4.1,5.36,4.62,,5.38,3.6
2022/5/25,4.93,4.9,4.6,5.95,4.1,5.36,4.62,6.1,5.38,3.6
2022/5/26,4.93,4.9,4.6,5.94,4.1,5.36,4.62,6.1,5.38,3.6
2022/5/27,4.93,4.9,4.6,5.94,4.2,5.36,4.63,6.1,5.38,3.7
2022/5/28,4.93,4.9,4.6,5.94,4.2,,4.63,6,5.4,
2022/5/29,4.93,4.9,4.6,5.94,4.2,,4.63,,5.4,
2022/5/30,4.93,4.9,4.6,5.94,4.2,5.36,4.63,6,5.4,3.7
2022/5/31,4.9,4.9,4.6,5.94,4.2,5.36,4.63,6,5.4,3.8
2022/6/1,4.9,5,4.62,5.94,4.2,5.36,4.63,6,5.4,3.8
2022/6/2,4.8,5,4.62,5.94,4.2,5.36,4.63,6,5.4,3.8
2022/6/3,4.78,5,4.62,5.94,4.2,5.36,4.63,6,5.4,
2022/6/4,4.78,5,4.62,5.94,4.2,5.36,4.63,6,5.4,3.8
2022/6/5,4.76,5,4.62,5.94,4.2,5.36,4.63,6,5.4,3.8
2022/6/6,4.76,5,4.62,5.95,4.2,5.36,4.63,6,5.4,3.8
2022/6/7,4.76,5,4.62,5.95,4.2,5.36,4.64,6,5.4,3.8
2022/6/8,4.76,5,4.62,5.95,4.2,5.35,4.64,6,5.39,3.8
2022/6/9,4.76,5,4.62,5.94,4.2,5.35,4.64,6,5.4,3.8
2022/6/10,4.76,5,4.62,5.94,4.2,5.35,4.64,5.9,5.4,3.8
2022/6/11,4.76,5,4.62,5.94,4.2,5.35,4.64,5.9,5.4,
2022/6/12,4.76,5.1,4.6,5.94,4.2,5.35,,5.9,5.4,
2022/6/13,,5.1,4.6,5.94,4.2,5.35,4.64,5.9,5.4,3.8
2022/6/14,4.76,5.1,4.62,5.94,4.2,5.35,4.64,5.9,5.4,3.8
2022/6/15,4.76,5.1,4.62,5.94,4.2,5.35,4.64,5.9,5.4,3.8
2022/6/16,4.76,5.1,4.62,5.94,4.2,5.35,4.64,5.9,5.4,3.8
2022/6/17,4.76,5.1,4.62,5.94,4.2,5.35,4.64,5.9,5.4,3.8
2022/6/18,4.76,5.1,4.62,5.94,4.2,5.35,,5.9,5.4,
2022/6/19,4.76,5.1,4.62,5.94,4.2,,,6,5.4,
2022/6/20,4.76,5.1,4.62,5.95,4.2,5.35,4.64,6,5.41,3.8
2022/6/21,4.76,5.1,4.62,5.95,4.2,5.35,4.64,6,5.4,3.8
2022/6/22,4.76,5.1,4.62,5.95,4.2,5.35,4.64,6,5.4,3.8
2022/6/23,4.76,5,4.62,5.95,4.2,5.35,4.64,6,5.4,3.8
2022/6/24,4.76,5,4.62,5.95,4.1,5.35,4.63,6,5.4,3.8
2022/6/25,4.75,5,4.61,5.95,4.1,5.35,4.63,5.8,5.4,
2022/6/26,4.75,5,4.62,5.95,4.1,5.35,,5.8,5.4,
2022/6/27,4.75,5,4.62,5.95,4.1,5.35,4.63,5.8,5.4,3.8
2022/6/28,4.75,5,4.62,5.95,4.1,5.35,4.63,5.8,5.4,3.7
2022/6/29,4.75,5,4.62,5.95,4.1,5.35,4.63,5.8,5.4,3.7
2022/6/30,4.75,5,4.62,5.95,4.1,5.35,4.63,5.8,5.4,3.7
2022/7/1,4.75,5,4.62,5.94,4.1,5.36,4.63,5.8,5.4,3.7
2022/7/2,4.75,5,4.62,5.94,4.1,,4.63,5.8,5.41,
2022/7/3,4.75,5,4.62,5.94,4.1,5.38,4.63,5.8,5.4,
2022/7/4,4.74,5.1,4.62,5.94,4.1,5.42,4.63,5.9,5.4,3.7
2022/7/5,4.74,5.1,4.62,5.94,4.1,5.28,4.62,5.9,5.4,3.7
2022/7/6,4.74,5.1,4.62,5.94,4.1,5.22,4.62,5.9,5.4,3.7
2022/7/7,4.74,5.1,4.6,5.94,4.1,5.06,4.62,5.9,5.4,3.7
2022/7/8,4.74,5.1,4.6,5.94,4.1,5.02,4.62,5.9,5.4,3.7
2022/7/9,4.74,5.1,4.6,5.94,4.1,5.12,4.62,6,5.4,
2022/7/10,4.74,5.1,4.6,5.94,4.1,5.14,4.62,6,5.4,
2022/7/11,4.74,5.1,4.62,5.94,4.1,5.14,4.63,6,5.4,3.7
2022/7/12,4.74,5.1,4.62,5.95,4.1,5.07,4.63,6,5.4,3.7
2022/7/13,4.73,5.1,4.62,5.95,4.1,5.12,4.63,6,5.4,3.7
2022/7/14,4.73,5.1,4.62,5.95,4.1,5.22,4.63,6,5.41,3.7
2022/7/15,4.73,5,4.62,5.95,4.1,5.28,4.63,6,5.4,3.7
2022/7/16,4.73,5,4.62,5.95,4.1,5.28,4.63,6,5.4,
2022/7/17,4.73,5,4.62,5.95,4.1,5.17,4.63,6,5.4,
2022/7/18,4.73,5,4.62,5.95,4.1,5.17,4.63,6,5.4,3.8
2022/7/19,4.73,5,4.62,5.95,4.1,,4.63,6,5.4,3.8
2022/7/20,4.73,5,4.62,5.95,4.1,5.15,4.63,6.2,5.4,3.8
2022/7/21,4.73,5,4.62,5.95,4.1,5.18,4.63,6.2,5.4,3.8
2022/7/22,4.73,5,4.6,5.95,4.1,,4.62,6.2,5.4,3.8
2022/7/23,4.73,5,4.6,5.94,4.1,5.16,,6.2,5.4,3.8
2022/7/24,4.73,5,4.6,5.94,4.1,,,6,5.4,
2022/7/25,4.74,5,4.62,5.94,4.1,5.15,4.63,6,5.4,3.8
2022/7/26,4.74,5.1,4.62,5.94,4.1,5.17,4.63,6,5.41,3.8
2022/7/27,4.74,5.1,4.62,5.94,4.1,5.18,4.63,6,5.4,3.8
2022/7/28,4.74,5.1,4.62,5.94,4.1,5.22,4.63,6,5.4,3.8
2022/7/29,4.74,5.1,4.62,5.94,4.1,5.22,4.63,6,5.4,3.8
2022/7/30,4.74,5.1,4.62,5.94,4.1,5.23,4.63,6,5.4,3.8
2022/7/31,,5.1,4.62,5.94,4.1,5.25,,6,5.4,
2022/8/1,4.9,5.1,4.62,5.94,4.1,,4.63,6,5.4,3.8
2022/8/2,4.9,5.1,4.62,5.94,4.1,5.26,4.63,6,5.4,3.8
2022/8/3,4.9,5.1,4.62,5.95,4.1,5.28,4.62,6,5.4,3.8
2022/8/4,4.9,5.1,4.62,5.95,4.1,,4.63,6.2,5.4,3.8
2022/8/5,4.9,5.1,4.6,5.95,4.1,5.26,4.63,6.2,5.4,3.8
2022/8/6,4.9,5,4.6,5.95,4.1,5.26,4.63,6.2,5.4,3.8
2022/8/7,4.9,5,4.62,5.95,4.1,5.25,4.63,6.2,5.41,
2022/8/8,4.9,5,4.62,5.95,4.1,,4.63,6.2,5.4,3.8
2022/8/9,4.9,5,4.62,5.95,4.1,5.25,4.63,6.2,5.4,3.8
2022/8/10,4.9,5,4.62,5.95,4.1,5.25,4.63,6.2,5.4,3.8
2022/8/11,4.9,5,4.62,5.95,4.1,5.25,4.63,6.2,5.4,3.8
2022/8/12,4.73,5,4.62,5.95,4.1,5.25,4.63,6.2,5.4,3.8
2022/8/13,4.73,5,4.62,5.95,4.1,5.25,4.62,6.2,5.4,3.8
2022/8/14,,5,4.62,5.94,4.1,,,6,5.4,3.8
2022/8/15,4.73,5,4.62,5.94,4.1,5.23,4.63,6,5.4,3.8
2022/8/16,4.73,5,4.62,5.94,4.1,5.25,4.63,6,5.4,3.8
2022/8/17,4.5,5.1,4.62,5.94,4.1,5.26,4.63,6,5.4,3.8
2022/8/18,4.3,5.1,4.6,5.94,4.2,5.28,4.63,6,5.4,3.8
2022/8/19,4.3,5.1,4.62,5.94,4.2,5.29,4.63,6,5.41,3.81
2022/8/20,4.3,5.1,4.65,5.94,4.2,5.26,4.63,6,5.4,
2022/8/21,,5.1,4.65,5.94,4.2,5.21,4.63,6,5.4,
2022/8/22,4.3,5.1,4.65,5.94,4.2,5.21,4.63,6,5.4,3.8
2022/8/23,4.2,5.1,4.65,5.94,4.2,5.23,4.63,6,5.4,3.8
2022/8/24,4.2,5.1,4.65,5.94,4.2,5.23,4.62,6,5.4,3.8
2022/8/25,4.2,5.1,4.65,5.95,4.2,5.2,4.62,5.8,5.4,3.8
2022/8/26,4.2,5.1,4.65,5.95,4.2,5.23,4.62,5.8,5.4,3.8
2022/8/27,4.2,5.1,4.62,5.95,4.2,,4.62,5.8,5.4,
2022/8/28,4.2,5.2,4.62,5.95,4.2,5.25,,5.8,5.4,
2022/8/29,4.2,5.2,4.62,5.95,4.2,5.26,4.63,5.8,5.4,3.8
2022/8/30,4.2,5.2,4.62,5.95,4.2,5.27,4.63,5.8,5.4,3.8
2022/8/31,4.2,5.2,4.62,5.95,4.2,,4.63,5.8,5.41,3.8
2022/9/1,4.4,5.2,4.62,5.95,4.2,5.28,4.63,5.8,5.4,3.8
2022/9/2,4.4,5.2,4.62,5.95,4.2,5.28,4.63,5.8,5.4,3.8
2022/9/3,4.2,5.2,4.62,5.95,4.2,,,5.8,5.4,3.8
2022/9/4,4.2,5.2,4.62,5.95,4.2,5.26,4.63,5.8,5.4,
2022/9/5,4.2,5.2,4.62,5.94,4.2,5.25,4.63,6,5.4,3.8
2022/9/6,4.2,5.2,4.62,5.94,4.2,5.26,4.63,6,5.4,3.8
2022/9/7,4.2,5.2,4.65,5.94,4.2,5.28,4.63,6,5.4,3.8
2022/9/8,4.2,5.3,4.65,5.94,4.2,5.28,4.63,6,5.4,3.8
2022/9/9,4.2,5.3,4.65,5.94,4.2,5.29,4.63,6,5.4,3.8
2022/9/10,4.2,5.3,4.65,5.94,4.2,5.29,4.63,6,5.4,3.8
2022/9/11,4.2,5.3,4.65,5.94,4.2,5.29,4.63,6,5.4,3.8
2022/9/12,4.2,5.3,4.65,5.94,4.2,5.29,4.63,6,5.41,3.8
2022/9/13,4.2,5.3,4.65,5.94,4.2,5.29,4.63,6,5.4,3.8
2022/9/14,4.25,5.3,4.65,5.94,4.2,5.29,4.63,6,5.4,3.8
2022/9/15,4.25,5.3,4.65,5.94,4.2,,4.62,6,5.4,3.8
2022/9/16,4.25,5.3,4.65,5.93,4.2,5.29,4.62,6.2,5.4,3.85
2022/9/17,4.25,5.3,,5.93,4.2,5.29,,6.2,5.4,3.85
2022/9/18,4.25,5.3,4.65,5.93,4.2,5.29,4.62,6.2,5.4,
2022/9/19,4.25,5.2,4.65,5.93,4.2,5.29,4.62,6.2,5.4,3.8
2022/9/20,4.2,5.2,4.65,5.93,4.2,5.28,4.62,6.2,5.4,3.8
2022/9/21,4.2,5.2,4.65,5.93,4.2,5.28,4.62,6.2,5.4,3.8
2022/9/22,4.2,5.2,4.65,5.93,4.2,5.26,4.62,6.3,5.4,3.8
2022/9/23,4.2,5.2,4.65,5.93,4.2,5.26,4.62,6.3,5.4,3.8
2022/9/24,4.19,5.2,4.65,5.93,4.2,5.26,4.62,6.3,5.41,
2022/9/25,4.19,5.2,4.65,5.93,4.2,5.26,4.62,6.4,5.4,
2022/9/26,4.19,5.2,4.65,5.94,4.2,5.26,4.63,6.4,5.4,
2022/9/27,4.19,5.2,4.65,5.94,4.2,5.26,4.63,6.4,5.4,
2022/9/28,4.19,5.2,4.65,5.94,4.2,5.26,4.63,6.4,5.4,
2022/9/29,4.19,5.2,4.62,5.94,4.2,5.26,4.62,6.4,5.4,
2022/9/30,4.18,5.1,4.62,5.94,4.2,5.26,4.62,6.4,5.4,
2022/10/10,4.2,5.1,,5.94,4.3,5.29,4.63,6.5,5.4,3.8
2022/10/11,4.2,5.2,,5.94,4.3,5.29,4.63,6.5,5.4,3.8
2022/10/12,4.2,5.2,,5.94,4.3,5.29,4.63,6.5,5.4,3.8
2022/10/13,4.2,5.2,,5.94,4.3,5.29,4.62,6.5,5.4,3.8
2022/10/14,4.2,5.2,,5.94,4.3,5.26,4.62,6.5,5.4,3.8
2022/10/15,4.2,5.2,,5.94,4.3,5.26,4.62,6.5,5.4,3.8
2022/10/16,4.2,5.2,,5.95,4.3,5.26,4.62,6.5,5.4,3.8
2022/10/17,4.25,5.2,,5.95,4.3,5.26,4.62,6.6,5.4,3.8
2022/10/18,4.3,5.2,,5.95,4.3,5.28,4.62,6.6,5.41,3.8
2022/10/19,4.3,5.2,,5.95,4.3,5.28,4.62,6.6,5.4,3.8
2022/10/20,4.3,5.2,,5.95,4.3,5.28,4.62,6.6,5.4,3.8
2022/10/21,4.3,5.2,,5.95,4.3,5.28,4.62,6.6,5.4,3.9
2022/10/22,4.28,5.1,,5.95,4.3,5.28,4.62,6.6,5.4,3.8
2022/10/23,4.28,5.1,,5.95,4.3,5.28,4.62,6.6,5.4,3.8
2022/10/24,4.28,5,,5.95,4.3,5.28,4.63,6.6,5.4,3.8
2022/10/25,4.28,5,,5.95,4.3,5.28,4.62,6.6,5.4,3.8
2022/10/26,4.28,5,,5.95,5,5.28,4.61,6.6,5.4,3.8
2022/10/27,4.28,5,,5.94,5,5.28,4.6,6.6,5.4,3.8
2022/10/28,4.28,5,,5.94,5,5.28,4.6,6.5,5.4,3.7
2022/10/29,4.28,5,,5.94,5,5.26,4.6,6.5,5.4,3.6
2022/10/30,4.28,5,,5.94,5,5.26,,6.5,5.41,3.6
2022/10/31,4.28,5,,5.94,5,5.26,4.6,6.4,5.4,3.6
2022/11/1,4.25,5,,5.94,5,,4.6,6.2,5.4,3.6
2022/11/2,4.25,5,,5.95,5,,4.6,6.2,5.4,3.6
2022/11/3,4.25,5,,5.95,5,,4.6,6.2,5.4,3.6
2022/11/4,4.25,5.1,,5.95,5,,4.6,6.2,5.4,3.6
2022/11/5,4.25,5.1,,5.95,5,,4.6,6.2,5.4,3.6
2022/11/6,4.25,5.1,,5.95,5,5.26,4.6,6.2,5.4,3.6
2022/11/7,4.25,5.1,,5.95,5,5.26,4.61,6.2,5.4,3.6
2022/11/8,4.25,5.1,,5.95,5,5.26,4.61,6.2,5.4,3.6
2022/11/9,4.25,5.1,,5.95,5,5.26,4.61,6.2,5.4,3.5
2022/11/10,4.25,5.1,4.65,5.95,5,5.26,4.61,6.2,5.4,3.6
2022/11/11,4.25,5.1,4.65,5.95,5,5.26,4.61,6.2,5.41,3.6
2022/11/12,4.24,5.1,4.65,5.95,5,5.26,4.61,6.3,5.4,3.6
2022/11/13,4.24,5.1,4.65,5.94,5,5.26,4.61,6.3,5.4,3.6
2022/11/14,4.25,5.1,4.65,5.94,5,5.26,4.62,6.3,5.4,3.6
2022/11/15,4.25,5,4.65,5.94,5,5.26,4.62,6.3,5.4,3.6
2022/11/16,4.25,5,4.65,5.94,5,5.28,4.62,6.3,5.4,3.6
2022/11/17,4.26,5,4.65,5.94,5,5.28,4.62,6.3,5.4,3.6
2022/11/18,4.28,5,4.65,5.94,5,5.28,4.62,6.3,5.4,3.6
2022/11/19,4.28,5,4.65,5.94,5,5.28,,6.3,5.4,3.6
2022/11/20,4.28,5,4.65,5.94,5,5.28,4.62,6.3,5.4,3.6
2022/11/21,4.28,5,4.66,5.94,5,5.28,4.62,6.3,5.4,3.7
2022/11/22,4.28,5,4.66,5.94,5,5.28,4.62,6.3,5.4,3.6
2022/11/23,4.28,5,4.65,5.94,5,5.28,4.62,6.5,5.41,3.6
2022/11/24,4.28,5,4.65,5.95,5,5.28,4.62,6.5,5.4,3.6
2022/11/25,4.28,5,4.65,5.95,5,5.26,4.63,6.5,5.4,3.6
2022/11/26,4.37,5.1,4.65,5.95,5,5.26,4.62,6.5,5.4,3.6
2022/11/27,4.37,5.1,4.65,5.95,5,5.26,4.62,6.5,5.4,3.6
2022/11/28,4.37,5.1,4.65,5.95,5,5.26,4.62,6.5,5.4,3.6
2022/11/29,4.37,5.1,4.65,5.95,5,5.26,4.62,6.5,5.4,3.6
2022/11/30,4.37,5.1,,5.95,5,5.26,4.62,6.5,5.4,3.7
2022/12/1,4.37,5.1,,5.95,5,5.26,4.62,6.5,5.4,3.8
2022/12/2,4.37,5.1,,5.95,5,5.26,4.62,6.5,5.4,3.8
2022/12/3,4.37,5.1,,5.95,5,5.26,4.62,6.5,5.4,3.8
2022/12/4,4.37,5.1,,5.95,5,5.26,4.62,6.4,5.4,3.8
2022/12/5,4.33,5.1,,5.94,5,5.26,4.62,6.4,5.41,3.8
2022/12/6,4.33,5.1,,5.94,5,5.28,4.62,6.4,5.4,3.8
2022/12/7,4.33,5,4.65,5.94,5,5.28,4.61,6.5,5.4,3.8
2022/12/8,4.33,5,4.65,5.94,5,5.28,4.62,6.5,5.4,3.8
2022/12/9,4.33,5,4.65,5.94,5,5.28,4.62,6.5,5.4,3.8
2022/12/10,4.33,5,4.65,5.94,5,,4.62,6.5,5.4,3.8
2022/12/11,4.33,5,4.65,5.94,5,,4.62,6.5,5.4,3.8
2022/12/12,4.33,,4.65,5.94,5,5.28,4.62,6.4,5.4,3.82
2022/12/13,4.33,5,4.65,5.94,5,5.28,4.63,6.4,5.4,3.82
2022/12/14,4.33,5,4.65,5.94,5,,4.62,6.4,5.4,3.8
2022/12/15,4.33,5,4.65,5.95,5,5.28,4.62,6.4,5.4,3.8
2022/12/16,4.32,5,4.65,5.95,5,5.28,4.62,6.4,5.4,3.8
2022/12/17,4.33,5,4.65,5.95,5,5.28,4.62,6.3,5.41,3.8
2022/12/18,4.41,5,4.63,5.95,5,5.28,4.62,6.3,5.4,3.8
2022/12/19,4.41,5,4.65,5.95,5,5.28,4.62,6.3,5.4,3.8
2022/12/20,4.41,5,4.65,5.95,5,5.28,4.62,6.3,5.4,3.7
2022/12/21,4.41,5,4.65,5.95,5,5.28,4.62,6.4,5.4,3.8
2022/12/22,4.41,5,4.65,5.95,5,5.28,,6.4,5.4,3.8
2022/12/23,4.41,5,4.65,5.95,5,5.28,,6.4,5.4,3.8
2022/12/24,4.39,5.1,4.65,5.95,5,5.28,4.62,6.4,5.4,3.8
2022/12/25,4.39,5.1,4.65,5.95,5,5.28,4.62,6.4,5.4,3.8
2022/12/26,4.39,5.1,4.65,5.96,5,5.26,4.62,6.4,5.4,3.8
2022/12/27,4.39,5.1,4.65,5.96,5,5.26,4.63,6.4,5.4,3.8
2022/12/28,4.39,5.1,4.65,5.96,5,5.26,4.63,6.4,5.4,3.8
2022/12/29,4.39,5.1,4.65,5.96,5,5.26,4.63,6.4,5.41,3.8
2022/12/30,4.39,5.1,4.62,5.96,5,5.26,4.62,6.4,5.4,3.8
2022/12/31,4.39,5.1,4.65,5.96,5,5.26,4.62,6.4,5.4,3.8
2023/1/1,4.39,5.1,4.65,5.96,5,5.26,4.62,6.5,5.4,3.82
2023/1/2,4.39,5.1,4.65,5.96,5,5.26,4.62,6.6,5.4,3.8
2023/1/3,4.39,5.1,4.65,5.96,5,5.26,4.62,6.6,5.4,3.8
2023/1/4,4.38,5,4.65,5.96,5,5.26,4.61,6.6,5.4,3.8
2023/1/5,4.38,5,4.65,5.96,5,5.26,4.6,6.6,5.4,3.8
2023/1/6,4.38,5,4.65,5.95,5,5.29,4.6,6.6,5.4,3.8
2023/1/7,4.38,5,4.65,5.95,5,5.29,4.6,6.5,5.4,3.8
2023/1/8,4.38,5,4.65,5.95,5,5.29,4.6,6.4,5.4,3.8
2023/1/9,4.38,5,4.65,5.95,5,5.29,4.6,,5.4,3.8
2023/1/10,4.4,5,4.65,5.95,5,5.29,4.6,,5.41,3.8
2023/1/11,4.4,5,4.66,5.95,5,5.29,4.6,,5.4,3.8
2023/1/12,4.4,5,4.66,5.95,5,5.29,4.6,,5.4,3.8
2023/1/13,4.4,5,4.66,5.95,5,5.29,4.6,,5.4,3.82
2023/1/14,4.4,5,4.65,5.95,5,5.29,4.6,,5.4,3.8
2023/1/15,4.4,5.1,4.65,5.95,5,,4.6,,5.4,3.8
2023/1/16,4.4,5.1,4.65,5.95,5,5.29,4.61,,5.4,3.8
2023/1/17,4.4,5,4.65,5.94,5,5.29,4.6,,5.4,3.8
2023/1/18,,5,4.65,5.94,5,5.29,4.6,,5.4,3.8
2023/1/19,,5,4.65,5.94,5,5.29,4.6,,5.4,3.8
2023/1/20,,5,4.65,5.94,5,5.29,4.6,,5.4,3.8
2023/1/21,,5,4.65,5.94,5,5.29,4.6,,5.4,3.8
2023/1/22,,5,,5.94,5,5.29,4.6,,5.41,3.8
2023/1/23,,5.4,,5.94,5,5.29,4.6,,5.4,3.8
2023/1/24,,5.4,,5.94,5,5.29,4.6,,5.4,3.8
2023/1/25,,5.4,,5.94,5,5.29,4.6,,5.4,3.82
2023/1/26,,5.4,4.65,5.94,5,,,,5.4,3.8
2023/1/27,,5.4,4.65,5.94,5,5.29,4.6,,5.4,3.8
2023/1/28,,5.4,4.65,5.94,5,5.29,4.61,,5.4,3.8
2023/1/29,,5.41,4.65,5.96,5,5.29,4.61,,5.4,3.8
2023/1/30,4.4,5.41,4.65,5.95,5,5.29,4.61,,5.4,3.8
2023/1/31,4.4,5.41,4.65,5.95,5,5.29,4.61,,5.4,3.8
2023/2/1,4.4,5.41,4.65,5.95,5,5.29,4.61,,5.4,3.8
2023/2/2,4.4,5.41,4.65,5.95,5,5.29,4.61,,5.4,3.8
2023/2/3,4.4,5.41,4.65,5.95,5,5.29,4.61,,5.41,3.8
2023/2/4,4.4,5.41,4.65,5.95,5,,4.6,,5.4,3.8
2023/2/5,4.4,5.41,4.65,5.95,5,5.29,4.6,,,3.8
2023/2/6,4.4,5.4,4.65,5.95,5,5.29,4.6,,5.4,3.81
2023/2/7,4.4,5.4,4.64,5.94,5,5.29,4.61,,5.4,3.8
2023/2/8,4.4,5.41,4.65,5.94,5,5.29,4.61,,5.4,3.8
2023/2/9,4.4,5.41,4.65,5.94,5,5.29,4.61,,5.4,3.8
2023/2/10,4.36,5.41,4.65,5.94,5,5.29,4.61,,5.4,3.8
2023/2/11,4.36,5.41,4.65,5.94,5,5.29,4.61,,5.4,3.8
2023/2/12,4.36,5.41,4.65,5.94,5,5.29,4.61,,5.4,3.8
2023/2/13,4.36,5.41,4.65,5.94,5,5.29,4.61,,5.4,3.8
2023/2/14,4.36,5.41,4.65,5.94,5,5.29,4.6,,5.4,3.8
2023/2/15,4.36,5.41,4.65,5.95,5,5.29,4.6,,5.4,3.8
2023/2/16,4.36,5.41,4.65,5.95,5,5.26,4.6,,5.4,3.8
2023/2/17,4.35,5.41,4.65,5.95,5,5.26,4.6,,5.41,3.8
2023/2/18,4.48,5.41,4.65,5.95,5,,4.6,,5.4,3.82
2023/2/19,4.48,5.4,4.64,5.95,5,,4.6,,5.4,3.8
2023/2/20,4.48,5.4,4.65,5.95,5,5.26,4.6,,5.4,3.8
2023/2/21,4.48,5.4,4.65,5.95,5,5.26,4.6,,5.4,3.8
2023/2/22,4.48,5.4,4.65,5.95,5,5.28,4.6,,5.4,3.8
2023/2/23,4.48,5.4,4.65,5.95,5,5.28,4.6,,5.4,3.8
2023/2/24,4.48,5.4,4.65,5.95,5,5.28,4.6,,5.4,3.8
2023/2/25,4.48,5.4,4.65,5.96,5,5.28,4.61,,5.4,3.8
2023/2/26,4.48,5.4,4.65,5.96,5,5.28,4.6,,5.4,3.8
2023/2/27,4.48,5.4,4.65,5.96,5,5.28,4.6,,5.4,3.8
2023/2/28,4.48,5.4,4.65,5.96,5,5.28,4.6,,5.4,3.8
2023/3/1,4.5,5.4,4.65,5.96,5,5.28,4.6,,5.41,3.8
2023/3/2,4.5,5.5,4.65,5.96,5,5.28,4.6,,5.4,3.82
2023/3/3,4.5,5.5,4.64,5.96,5,5.28,4.6,,5.4,3.8
2023/3/4,4.5,5.5,4.64,5.96,5,5.28,4.6,,5.4,3.8
2023/3/5,4.5,5.4,4.65,5.96,5,,4.6,,5.4,3.8
2023/3/6,4.5,5.4,4.65,5.96,5,5.26,4.6,,5.4,3.8
2023/3/7,4.5,5.4,4.65,5.96,5,5.26,4.61,,5.4,3.8
2023/3/8,4.5,5.4,4.65,5.95,5,5.26,4.62,,,3.89
2023/3/9,4.5,5.4,4.65,5.95,5,5.26,4.62,,5.4,3.8
2023/3/10,4.5,5.4,4.65,5.95,5,5.26,4.62,,5.4,3.8
2023/3/11,4.5,5.4,4.65,5.95,5,5.26,4.62,,5.4,3.8
2023/3/12,4.52,5.4,4.65,5.95,5,5.26,4.62,,5.4,3.8
2023/3/13,4.52,5.4,4.65,5.95,5,5.26,4.62,,5.4,3.8
2023/3/14,4.52,5.4,4.65,5.95,5,5.26,4.61,,5.4,3.8
2023/3/15,4.52,5.4,4.65,5.95,5,5.26,4.61,,5.4,3.8
,,,,,,,,,,
数据来源：Wind,,,,,,,,,,
